{"cameraMode":{"drawMode":0,"name":"Shaded","section":"Shading Mode"},"sceneLighting":true,"audioPlay":false,"sceneViewState":{"showFog":true,"showMaterialUpdate":true,"showSkybox":true,"showFlares":true,"showImageEffects":true,"showParticleSystems":true},"in2DMode":false,"pivot":{"x":3.8450050354003908,"y":-0.5793304443359375,"z":-1.0219306945800782},"rotation":{"x":-0.28781864047050478,"y":0.2278631627559662,"z":-0.07071352005004883,"w":-0.9274904131889343},"size":49.633934020996097,"orthographic":false}