{"cameraMode":{"drawMode":0,"name":"Shaded","section":"Shading Mode"},"sceneLighting":true,"audioPlay":false,"sceneViewState":{"showFog":true,"showMaterialUpdate":true,"showSkybox":true,"showFlares":true,"showImageEffects":true,"showParticleSystems":true},"in2DMode":false,"pivot":{"x":5.42348575592041,"y":3.4715194702148439,"z":4.7195844650268559},"rotation":{"x":0.20919527113437653,"y":-0.2966841161251068,"z":0.06677625328302384,"w":0.9293851852416992},"size":13.481430053710938,"orthographic":false}