{"cameraMode":{"drawMode":0,"name":"Shaded","section":"Shading Mode"},"sceneLighting":true,"audioPlay":false,"sceneViewState":{"showFog":true,"showMaterialUpdate":true,"showSkybox":true,"showFlares":true,"showImageEffects":true,"showParticleSystems":true},"in2DMode":false,"pivot":{"x":0.0890243798494339,"y":3.7375295162200929,"z":0.17745256423950196},"rotation":{"x":0.24871842563152314,"y":-0.01743459701538086,"z":0.004472377244383097,"w":0.9684086441993713},"size":9.835280418395996,"orthographic":false}