{"cameraMode":{"drawMode":0,"name":"Shaded","section":"Shading Mode"},"sceneLighting":true,"audioPlay":false,"sceneViewState":{"showFog":true,"showMaterialUpdate":true,"showSkybox":true,"showFlares":true,"showImageEffects":true,"showParticleSystems":true},"in2DMode":false,"pivot":{"x":679.96435546875,"y":72.31695556640625,"z":284.68035888671877},"rotation":{"x":-0.2965112030506134,"y":0.11481348425149918,"z":-0.0359327606856823,"w":-0.947421669960022},"size":952.7268676757813,"orthographic":false}