{"cameraMode":{"drawMode":0,"name":"Shaded","section":"Shading Mode"},"sceneLighting":true,"audioPlay":false,"sceneViewState":{"showFog":true,"showMaterialUpdate":true,"showSkybox":true,"showFlares":true,"showImageEffects":true,"showParticleSystems":true},"in2DMode":false,"pivot":{"x":1.2251265048980713,"y":3.009899616241455,"z":0.9915738105773926},"rotation":{"x":0.1158282533288002,"y":-0.23166848719120027,"z":0.027789277955889703,"w":0.9654746651649475},"size":7.725876331329346,"orthographic":false}