{"cameraMode":{"drawMode":0,"name":"Shaded","section":"Shading Mode"},"sceneLighting":true,"audioPlay":false,"sceneViewState":{"showFog":true,"showMaterialUpdate":true,"showSkybox":true,"showFlares":true,"showImageEffects":true,"showParticleSystems":true},"in2DMode":false,"pivot":{"x":601.2730712890625,"y":268.2982177734375,"z":170.19189453125},"rotation":{"x":-0.29489606618881228,"y":-0.07529347389936447,"z":0.023316780105233194,"w":-0.9522728323936462},"size":1075.0537109375,"orthographic":false}